number,value,datetime_start,datetime_complete,duration,params_alpha,params_beta_ratio,params_epsilon_decay_steps,params_epsilon_end,params_epsilon_start,params_gamma,params_lambda,params_mu,params_trace_length,state
0,955.172586825265,2026-05-24 16:10:08.250134,2026-05-24 16:10:19.898979,0 days 00:00:11.648845,0.15158586961309908,15.968621544652045,7998,0.07722469832919382,0.8935830794872784,0.923754519420751,0.7395305156069609,1.2217819420194558,859,COMPLETE
1,853.3835140142672,2026-05-24 16:10:08.252014,2026-05-24 16:10:16.552743,0 days 00:00:08.300729,0.06575756547584848,10.988070799307522,14771,0.07526382792229577,0.768671812733504,0.9567018019372706,0.8435318506041765,0.6169392619271739,303,COMPLETE
2,938.1121678375619,2026-05-24 16:10:08.252428,2026-05-24 16:10:24.062968,0 days 00:00:15.810540,0.12274950075868461,29.016325300056817,8169,0.09723583045676944,0.8752887699196329,0.9127487565413438,0.5876546598844279,0.8692315025920327,394,COMPLETE
3,1030.56002663117,2026-05-24 16:10:08.252641,2026-05-24 16:10:29.866051,0 days 00:00:21.613410,0.2122525578251266,17.64714089059216,13765,0.07186228383890593,0.9279028499261992,0.8712140310213488,0.8798418650482092,0.830759010982399,851,COMPLETE
4,1066.5479998394928,2026-05-24 16:10:17.262899,2026-05-24 16:10:31.684081,0 days 00:00:14.421182,0.2331861483704572,24.160325688081183,9537,0.09148241650359662,0.9691419034679913,0.8495516626772285,0.6206215142531128,1.3214699305346507,694,COMPLETE
5,947.4168158012516,2026-05-24 16:10:20.221440,2026-05-24 16:10:34.162872,0 days 00:00:13.941432,0.2587395824846026,16.09509262711322,12948,0.05190038005987936,0.8655026258480712,0.9337197291184066,0.7129139175758812,0.7856726193016257,614,COMPLETE
6,1057.1323899564818,2026-05-24 16:10:25.446053,2026-05-24 16:10:34.885740,0 days 00:00:09.439687,0.09820603650704868,20.685638055083583,16472,0.050914603435813284,0.9393073274225279,0.9168251840381485,0.683256373186819,1.2265862988028766,790,COMPLETE
7,1086.0410661802362,2026-05-24 16:10:30.961762,2026-05-24 16:10:40.114862,0 days 00:00:09.153100,0.04901115485128004,27.87729615295642,8352,0.02921090458259561,0.9996199049725303,0.9457865271325295,0.8191667234753327,1.749701325772529,705,COMPLETE
8,970.80330983835,2026-05-24 16:10:32.039686,2026-05-24 16:10:47.025024,0 days 00:00:14.985338,0.023690353730631955,26.775794855395752,8181,0.06345835136825073,0.9085059025844043,0.9007246253700376,0.606543634215955,0.3524974836792348,517,COMPLETE
9,953.6623725020141,2026-05-24 16:10:35.577733,2026-05-24 16:10:45.300641,0 days 00:00:09.722908,0.04073881351907666,21.731921046211188,18289,0.055982231136145755,0.8616269430345521,0.8705851079382532,0.6670689216336061,1.4081654545896078,683,COMPLETE
10,1073.0962353708721,2026-05-24 16:10:36.637066,2026-05-24 16:10:48.429035,0 days 00:00:11.791969,0.10535184395359605,13.516042278973632,19487,0.016184292751352976,0.9506497602826057,0.8584153098374513,0.8796424783051933,1.1715120602872366,395,COMPLETE
11,1044.2498089365638,2026-05-24 16:10:40.456763,2026-05-24 16:10:49.799634,0 days 00:00:09.342871,0.06401703835748132,24.079307807795157,11369,0.09083377454357969,0.9456738470046768,0.8603950047572222,0.5951816506587888,0.498744452611318,317,COMPLETE
12,1101.7306008547462,2026-05-24 16:10:47.368173,2026-05-24 16:10:59.232391,0 days 00:00:11.864218,0.05545745014928862,29.502390048475938,11366,0.018153208431216636,0.9976474079013063,0.9517288391111821,0.5006167331528604,1.7869522889603764,503,COMPLETE
13,841.9344221284242,2026-05-24 16:10:48.078252,2026-05-24 16:11:04.772131,0 days 00:00:16.693879,0.05172237327708976,29.716342091893964,11242,0.02219858128935258,0.7736140874562306,0.9542871291037567,0.7958975458524937,1.738225425581951,519,COMPLETE
14,1123.929339488827,2026-05-24 16:10:49.800463,2026-05-24 16:11:04.069153,0 days 00:00:14.268690,0.041290502004780745,10.311702514626102,19604,0.019874081725751135,0.9982238631159902,0.886377948078936,0.8116410821190215,1.797360937762098,491,COMPLETE
15,1120.1960091122037,2026-05-24 16:10:49.801456,2026-05-24 16:11:05.457852,0 days 00:00:15.656396,0.042892147509480436,10.978728583466841,19149,0.013834327277962776,0.9973600774845678,0.8879654204182879,0.8029150861320428,1.7396463241857931,479,COMPLETE
16,1100.7892585374723,2026-05-24 16:10:59.904312,2026-05-24 16:11:09.922732,0 days 00:00:10.018420,0.0414876696978399,29.736625739328375,11140,0.020648609723950617,0.9975559372099073,0.9593792255696847,0.5064625013153496,1.7896920647262915,490,COMPLETE
17,872.2508398058984,2026-05-24 16:11:04.416731,2026-05-24 16:11:13.633077,0 days 00:00:09.216346,0.032592475822817726,10.222391195831229,11446,0.012664415184430634,0.7974524106118694,0.8863091155449986,0.5048194080205782,1.7890759722604277,501,COMPLETE
18,896.4978036876843,2026-05-24 16:11:05.802758,2026-05-24 16:11:19.819562,0 days 00:00:14.016804,0.029688455764370094,10.119945857957454,17267,0.03717476094390339,0.8072315406935797,0.8883239496537589,0.7769967952102322,1.5362344258510998,451,COMPLETE
19,778.7369698773031,2026-05-24 16:11:07.182636,2026-05-24 16:11:14.311625,0 days 00:00:07.128989,0.029118692773628316,10.445730017684495,19957,0.0361745237936153,0.702232824539714,0.8866326393119034,0.7669798268525594,1.4969858214953837,438,COMPLETE
20,912.3051964096082,2026-05-24 16:11:10.951376,2026-05-24 16:11:30.806558,0 days 00:00:19.855182,0.02213501759633423,10.598391839196328,17304,0.03397439651649924,0.8177945889186455,0.8887738968371502,0.7535120938770973,1.5472247523443055,417,COMPLETE
21,916.3083343669891,2026-05-24 16:11:13.634274,2026-05-24 16:11:21.207997,0 days 00:00:07.573723,0.021034354538625386,12.478026385789486,19936,0.0351185383118295,0.8201252712336353,0.8931718120532747,0.7614691356194574,1.5484617817304547,592,COMPLETE
22,920.7737471636723,2026-05-24 16:11:14.649464,2026-05-24 16:11:29.769494,0 days 00:00:15.120030,0.08121625465883925,12.757275432208473,17272,0.03998350747524984,0.8290237374082663,0.891890722195214,0.7775655033997347,1.5947421484732862,590,COMPLETE
23,926.7788889066672,2026-05-24 16:11:20.499498,2026-05-24 16:11:34.609518,0 days 00:00:14.110020,0.022405479821760606,13.11397261787341,16208,0.04091539985782571,0.8344710784082848,0.8979447313782244,0.8497096137564357,1.530403870145018,585,COMPLETE
24,1090.7880028786183,2026-05-24 16:11:23.938943,2026-05-24 16:11:35.652652,0 days 00:00:11.713709,0.0821325795092524,12.995729022407682,16532,0.0266497365714468,0.9743375256015289,0.9033554214254268,0.8452909693824227,1.5963140441231958,584,COMPLETE
25,1091.5051025721682,2026-05-24 16:11:29.770291,2026-05-24 16:11:38.117606,0 days 00:00:08.347315,0.054116307116238806,14.541454461599436,15196,0.026085831251621117,0.9770296328530167,0.9038023724087775,0.8485703663700881,1.6528752592121845,559,COMPLETE
26,1082.652412249046,2026-05-24 16:11:31.488332,2026-05-24 16:11:41.596502,0 days 00:00:10.108170,0.05603567878613846,15.122095479921885,15174,0.02358765798902214,0.9680132684847458,0.9023624389436626,0.8377665864119934,1.6634599927057905,563,COMPLETE
27,1077.1964914980172,2026-05-24 16:11:36.032164,2026-05-24 16:11:46.515329,0 days 00:00:10.483165,0.05404904235630924,18.300726809162242,12863,0.010909623917357576,0.9702736867281202,0.8755071740917729,0.6441762100199503,1.6724487600714895,355,COMPLETE
28,1096.3546919464839,2026-05-24 16:11:36.033236,2026-05-24 16:11:54.479899,0 days 00:00:18.446663,0.05708936805141101,15.021213811423092,18545,0.010976013821628057,0.9746294078635328,0.8785031592598004,0.5433291452665333,0.9816384149865989,340,COMPLETE
29,1027.5232226966757,2026-05-24 16:11:39.152513,2026-05-24 16:11:55.514223,0 days 00:00:16.361710,0.038301807019382905,18.47799054168369,18773,0.010449580656099368,0.9183988334090565,0.876172583189377,0.5568772076636245,1.0151357483737398,367,COMPLETE
30,1005.4984127344043,2026-05-24 16:11:41.603477,2026-05-24 16:11:54.481342,0 days 00:00:12.877865,0.03992284121792223,18.0326601541676,12832,0.011752951990859352,0.9152611910151198,0.872669585550633,0.5480931641884081,1.0239619031440457,352,COMPLETE
31,1039.1960937128617,2026-05-24 16:11:46.853111,2026-05-24 16:12:02.192705,0 days 00:00:15.339594,0.03905471306178224,24.695102318801514,18769,0.017348950324771958,0.9255646916865431,0.8784529456437352,0.5577915646024513,0.997733950186691,468,COMPLETE
32,995.4355864322475,2026-05-24 16:11:55.513167,2026-05-24 16:12:09.524260,0 days 00:00:14.011093,0.035015272492290535,24.80958300709165,18763,0.04562783418332595,0.8921666124350608,0.9425014737556281,0.7297774320981315,1.3897323829040973,460,COMPLETE
33,1097.4048990920248,2026-05-24 16:11:55.515137,2026-05-24 16:12:06.400194,0 days 00:00:10.885057,0.0441895373373828,26.627248042992505,9873,0.018375388172550248,0.9980056508327475,0.9373010281886903,0.5170542395951864,1.7706587808518628,476,COMPLETE
34,1097.3153920436125,2026-05-24 16:11:55.516354,2026-05-24 16:12:05.334828,0 days 00:00:09.818474,0.041709113262563206,25.56648949370737,10071,0.018821023614846596,0.9998585385735711,0.9352169336488071,0.5001044236386317,1.7856725593816942,475,COMPLETE
35,1095.6915494840953,2026-05-24 16:12:03.233003,2026-05-24 16:12:16.555257,0 days 00:00:13.322254,0.04603044942592485,26.10236276701012,10530,0.019979077605232386,0.996342708639677,0.9423086832131127,0.510505646487733,1.7747682688183068,493,COMPLETE
36,1097.208618674983,2026-05-24 16:12:05.681603,2026-05-24 16:12:15.141266,0 days 00:00:09.459663,0.06808423185375369,27.9692964034175,10121,0.01895236712020545,0.9971383867628357,0.9582293543777298,0.7326283148199773,1.7982458637260839,494,COMPLETE
37,976.2128322314234,2026-05-24 16:12:07.794561,2026-05-24 16:12:21.491076,0 days 00:00:13.696515,0.06872347432575882,28.90407513656397,14170,0.04500466613175209,0.8853968405958269,0.9582886859462575,0.7307614629331867,1.4211851128488866,643,COMPLETE
38,1102.6667565140897,2026-05-24 16:12:09.526742,2026-05-24 16:12:23.636649,0 days 00:00:14.109907,0.02718896982491496,22.65280324954982,13991,0.03073314286730204,0.9890744812072109,0.9547629508967291,0.8106495358297456,1.435643140255185,536,COMPLETE
39,1063.1018988102421,2026-05-24 16:12:15.833922,2026-05-24 16:12:32.085264,0 days 00:00:16.251342,0.14391424998192323,22.833355001013757,13738,0.029931808217785894,0.9536906019325938,0.9244415345926218,0.8963035695862981,1.6681902658936991,641,COMPLETE
40,1068.2452838682004,2026-05-24 16:12:16.558327,2026-05-24 16:12:30.680315,0 days 00:00:14.121988,0.14335466169967398,22.7190329665734,13949,0.02971916458058834,0.9552711188559916,0.916397765882798,0.8069812277969406,1.4318307567882131,537,COMPLETE
41,1033.8952994993808,2026-05-24 16:12:23.288361,2026-05-24 16:12:34.165444,0 days 00:00:10.877083,0.18039717797687072,11.79013119195216,8974,0.031147943893074317,0.954973894250538,0.9248219020650976,0.8933361138941336,1.6781703865629982,544,COMPLETE
42,1020.9916317284482,2026-05-24 16:12:23.638851,2026-05-24 16:12:37.619215,0 days 00:00:13.980364,0.025257382643318838,22.70153489863504,7399,0.03148980295428208,0.9576943817454416,0.9252019187195158,0.8996692018341625,1.1764316210607115,540,COMPLETE
43,988.9731575298956,2026-05-24 16:12:32.084147,2026-05-24 16:12:43.518368,0 days 00:00:11.434221,0.02607162992830376,19.850370790362888,7462,0.03108477210801457,0.9337271016910288,0.9234761696910663,0.8964461105453186,1.278432084551802,623,COMPLETE
44,1047.9064571607626,2026-05-24 16:12:32.086634,2026-05-24 16:12:45.607924,0 days 00:00:13.521290,0.026272422091318567,11.62989814682809,7105,0.023879232052342547,0.986015875635704,0.9488840330341946,0.8223667572001172,1.2355955807806047,540,COMPLETE
45,1049.277045818611,2026-05-24 16:12:34.850115,2026-05-24 16:12:50.474487,0 days 00:00:15.624372,0.025670363092879258,19.81762214349141,7326,0.023570874287501074,0.9843767847905645,0.9513212908135288,0.7032780548873367,1.2556761089229733,416,COMPLETE
46,1094.9438131415031,2026-05-24 16:12:37.620000,2026-05-24 16:12:51.539393,0 days 00:00:13.919393,0.02733341869342432,28.38116822998945,12204,0.02499234467515051,0.9835371381511934,0.949541818390151,0.8272659793922025,1.7109032643849211,420,COMPLETE
47,1094.8399211342116,2026-05-24 16:12:44.205461,2026-05-24 16:13:05.511075,0 days 00:00:21.305614,0.02992475072884049,16.40185827618675,11726,0.024475221848277412,0.9880385725852109,0.950823499942819,0.8010502144004987,1.710624979386166,424,COMPLETE
48,1084.0833398488414,2026-05-24 16:12:45.952561,2026-05-24 16:13:03.740000,0 days 00:00:17.787439,0.03204696347784883,16.341968498448495,11835,0.01543191043074734,0.9782710796812831,0.9503242975209057,0.7934895981550898,1.690949486930374,426,COMPLETE
49,1029.5618466899493,2026-05-24 16:12:51.540237,2026-05-24 16:13:05.131541,0 days 00:00:13.591304,0.033458701203020275,16.56277523232815,11845,0.01577270053655707,0.936708916665438,0.8401150076224578,0.796401023319494,0.6875798912551305,387,COMPLETE
50,1031.2173769270164,2026-05-24 16:12:51.541886,2026-05-24 16:13:05.509072,0 days 00:00:13.967186,0.047629841284583314,27.309259234169787,11994,0.014989680771880284,0.9378602143724284,0.8660143285877885,0.8658271214001164,1.600172763380357,728,COMPLETE
51,770.0840114012807,2026-05-24 16:13:05.132160,2026-05-24 16:13:19.353203,0 days 00:00:14.221043,0.06136606477830477,29.564031881347667,10900,0.07724217554212542,0.7064329118100499,0.9088919518535675,0.8665212043994637,1.613172331789658,790,COMPLETE
52,1065.2254112390367,2026-05-24 16:13:05.511868,2026-05-24 16:13:15.993867,0 days 00:00:10.481999,0.04491128020242172,29.74019067859411,10770,0.019829627315002863,0.9647953300538702,0.9365244890878801,0.5298303029676338,1.7434631042766775,514,COMPLETE
53,1047.2227830409824,2026-05-24 16:13:05.513114,2026-05-24 16:13:15.271103,0 days 00:00:09.757989,0.04467953719537254,29.886104415216657,8776,0.06673694308452258,0.9642199906474869,0.9347847548999051,0.5240734779732471,1.4655573349480335,892,COMPLETE
54,1101.0217494138478,2026-05-24 16:13:05.517208,2026-05-24 16:13:12.163051,0 days 00:00:06.645843,0.04616360100532608,29.9416316070291,10829,0.02004940253897039,0.9993841094470829,0.9361019003177927,0.5247985301311736,1.4792886398235487,505,COMPLETE
55,1061.2254112390367,2026-05-24 16:13:12.854378,2026-05-24 16:13:26.199483,0 days 00:00:13.345105,0.0629383116249935,29.84510210867887,10586,0.06923063864483497,0.960680802961458,0.9553595400455422,0.5307388209973442,1.4711318928537958,513,COMPLETE
56,783.783182100521,2026-05-24 16:13:15.991866,2026-05-24 16:13:25.507353,0 days 00:00:09.515487,0.06227179237824463,29.28332631155493,19490,0.014560397461030154,0.7074407158772382,0.9596352124697938,0.5399540741070861,1.6162660598729595,518,COMPLETE
57,789.6793301052262,2026-05-24 16:13:16.660563,2026-05-24 16:13:29.549735,0 days 00:00:12.889172,0.03631120192944638,28.7302479916188,10937,0.07593934656552112,0.7197791984235989,0.9425759153349295,0.5786125683371804,1.3423677807331762,515,COMPLETE
58,1079.743462350667,2026-05-24 16:13:19.356811,2026-05-24 16:13:33.079135,0 days 00:00:13.722324,0.03565517278972511,28.927634307390335,9327,0.02154863090663184,0.9874082934112802,0.9547172254493055,0.5672157377556712,1.3157584115942933,512,COMPLETE
59,1081.4722414856003,2026-05-24 16:13:26.197015,2026-05-24 16:13:37.614835,0 days 00:00:11.417820,0.09510522617455937,27.361013508591153,9235,0.028121944810670905,0.988670851393693,0.9432024574517178,0.5824592350752382,1.3453652316617002,454,COMPLETE
60,1094.710543685954,2026-05-24 16:13:26.201268,2026-05-24 16:13:41.503935,0 days 00:00:15.302667,0.036976986067459035,28.5806134875184,12415,0.027310879751072915,0.9866861111972913,0.8823251675411105,0.5810853298628172,1.123708628583159,444,COMPLETE
61,1113.5984127583968,2026-05-24 16:13:29.550472,2026-05-24 16:13:43.596863,0 days 00:00:14.046391,0.08851010989033416,27.42406615546311,17810,0.027420897443910634,0.9873775010404832,0.9308242977748061,0.5760828886442001,1.1430405492362838,569,COMPLETE
62,1054.9597388388418,2026-05-24 16:13:33.081445,2026-05-24 16:13:47.098711,0 days 00:00:14.017266,0.08828961533819503,27.533732364335066,13258,0.028250701780577793,0.9462892229216572,0.9300501222883827,0.6752244089391278,1.1223895146354756,446,COMPLETE
63,1055.5866752454501,2026-05-24 16:13:39.368120,2026-05-24 16:13:50.626252,0 days 00:00:11.258132,0.07318912073210095,11.48604359632257,12484,0.05669278197296215,0.9479014751345097,0.8817990845161323,0.6277828348636866,1.5424812767822487,559,COMPLETE
64,1099.0784977022497,2026-05-24 16:13:41.852068,2026-05-24 16:13:56.044718,0 days 00:00:14.192650,0.050534301612212805,26.432541790003917,9897,0.05983206101305728,0.9998110418515676,0.930676451976892,0.5152952864691637,1.7304552406557816,485,COMPLETE
65,1066.9781008084926,2026-05-24 16:13:43.598171,2026-05-24 16:14:01.315748,0 days 00:00:17.717577,0.07316112613088471,20.954638852883242,17947,0.038826937574951995,0.946486828005146,0.9295367486795255,0.6208821607215771,0.8512274577096919,560,COMPLETE
66,1094.0285876439164,2026-05-24 16:13:47.099559,2026-05-24 16:13:58.507021,0 days 00:00:11.407462,0.11363004957181896,11.17584668320537,17675,0.039422951693919156,0.9741249902532493,0.8966253667756662,0.6079496687342218,0.8088101461749784,571,COMPLETE
67,1094.3497775506396,2026-05-24 16:13:50.627792,2026-05-24 16:14:06.684263,0 days 00:00:16.056471,0.02019433564386169,27.909917370896693,18081,0.03423115120926852,0.9727584085859721,0.8981533178950158,0.5971707867286296,0.7847076453547008,484,COMPLETE
68,1088.1864685712055,2026-05-24 16:13:56.729120,2026-05-24 16:14:11.954234,0 days 00:00:15.225114,0.05058716475095101,20.739268819007204,17821,0.013666553865741919,0.9701535931601288,0.9468099249162976,0.7844055844511623,0.9150442335794735,606,COMPLETE
69,1096.7288311702623,2026-05-24 16:13:59.212932,2026-05-24 16:14:11.225296,0 days 00:00:12.012364,0.07456774227941237,14.112812788495201,18009,0.03368101721380323,0.974828631424714,0.9463809090339629,0.7775675463291364,0.8981767446799709,493,COMPLETE
70,947.501089602751,2026-05-24 16:14:01.317685,2026-05-24 16:14:15.402488,0 days 00:00:14.084803,0.05073706633805054,27.955526624997457,19270,0.02169417339847449,0.8580944450168863,0.9464352142396051,0.7488861215301068,0.3482495967690582,603,COMPLETE
71,1115.7493556502852,2026-05-24 16:14:07.754684,2026-05-24 16:14:25.268475,0 days 00:00:17.513791,0.04151921798553441,25.486223950508933,19364,0.013557289290897126,0.9911379242245418,0.9084986039982945,0.7536658181929121,0.9282129171413915,534,COMPLETE
72,1117.5660566771917,2026-05-24 16:14:11.954932,2026-05-24 16:14:27.728194,0 days 00:00:15.773262,0.04085072293676132,18.96314645829299,19317,0.021329650873214454,0.9946490868758819,0.9080176057836321,0.7552727928940111,1.5648532466533083,399,COMPLETE
73,1116.7542483983198,2026-05-24 16:14:12.636163,2026-05-24 16:14:23.164564,0 days 00:00:10.528401,0.057785952604314274,25.74141981121104,19341,0.021745075511942095,0.992581564022343,0.9078205980421896,0.7495425553698645,0.40410948320685347,398,COMPLETE
74,1115.8795669160268,2026-05-24 16:14:15.404170,2026-05-24 16:14:29.492299,0 days 00:00:14.088129,0.04192302740837123,26.73291035646908,15817,0.059323031029581495,0.9980503136711004,0.8925785601841694,0.5141921100476446,1.753041915335419,534,COMPLETE
75,1116.2623540688915,2026-05-24 16:14:25.267044,2026-05-24 16:14:40.086032,0 days 00:00:14.818988,0.04166042493026463,25.319718668962114,19591,0.017624586806873805,0.9910830219889487,0.9105130439644927,0.5013520777714748,0.637911174023327,464,COMPLETE
76,1115.6856608586793,2026-05-24 16:14:26.347978,2026-05-24 16:14:40.090001,0 days 00:00:13.742023,0.05462900998394274,25.629536215355017,19230,0.01702552838170507,0.9917843048569157,0.9128625995929739,0.717307638531226,0.44725348822093763,320,COMPLETE
77,1115.9350663821806,2026-05-24 16:14:28.102245,2026-05-24 16:14:34.810198,0 days 00:00:06.707953,0.05691482137292021,25.451959614658712,19248,0.017988078498981375,0.9914576750063802,0.9078336960810224,0.8158328440159774,1.069813110368656,398,COMPLETE
78,1107.8867522355204,2026-05-24 16:14:29.493295,2026-05-24 16:14:43.992484,0 days 00:00:14.499189,0.031001559777497474,23.930705510694384,19243,0.052054152960345094,0.9803001552951551,0.908448613460056,0.7161866925628412,0.42401175176225114,533,COMPLETE
79,1106.528178031641,2026-05-24 16:14:36.227258,2026-05-24 16:14:50.696928,0 days 00:00:14.469670,0.042109099558865076,25.569779705756254,19345,0.010030849630452565,0.9802258102433573,0.9063940211038771,0.7178285055679386,0.5834328874822363,325,COMPLETE
80,1109.407998444883,2026-05-24 16:14:40.087716,2026-05-24 16:14:50.694758,0 days 00:00:10.607042,0.04262215689812188,23.690198601790662,19244,0.05213642188833325,0.9809646151303473,0.9068330182887399,0.7147648349925244,0.5124085648201203,381,COMPLETE
81,832.5582656834229,2026-05-24 16:14:40.092698,2026-05-24 16:14:54.041647,0 days 00:00:13.948949,0.04175607347502795,23.710174282308802,19719,0.04919620540257238,0.7486138199256728,0.9080836410118602,0.7653675496809774,0.5817588037780714,387,COMPLETE
82,834.5098710070313,2026-05-24 16:14:43.995535,2026-05-24 16:15:01.234442,0 days 00:00:17.238907,0.042400736708287576,23.52016420666751,19806,0.012790209097929247,0.7521106892413957,0.9062354275024045,0.7644570232112409,0.644566495901274,393,COMPLETE
83,1117.4186166438844,2026-05-24 16:14:50.697562,2026-05-24 16:15:02.644552,0 days 00:00:11.946990,0.057969082472625284,24.81453974101251,19835,0.017065327960340257,0.9924328348707281,0.9121918584729575,0.762525592291028,0.3946336220616685,311,COMPLETE
84,1117.7247981507148,2026-05-24 16:14:50.698981,2026-05-24 16:15:05.779587,0 days 00:00:15.080606,0.05628056300218974,24.846920937254474,19763,0.017168140052665187,0.9924833212713438,0.9146116809757822,0.7652002195901974,0.41306874541483496,302,COMPLETE
85,1115.1499206350406,2026-05-24 16:14:54.042822,2026-05-24 16:15:07.848663,0 days 00:00:13.805841,0.054199996282500995,24.839218862648167,18436,0.013017194191356678,0.9928294788726303,0.9123620278381219,0.7516993560376065,0.47857594143913634,307,COMPLETE
86,1116.9771047129582,2026-05-24 16:15:02.645393,2026-05-24 16:15:14.826662,0 days 00:00:12.181269,0.057718319598327586,24.685646773703198,18577,0.08130382604809822,0.9935520586723371,0.8929695552992767,0.7548401881780632,0.38912502240183755,402,COMPLETE
87,1117.065400874304,2026-05-24 16:15:02.646654,2026-05-24 16:15:11.324919,0 days 00:00:08.678265,0.05862917568612087,24.813374090143395,18415,0.09937521179900055,0.9916329181921146,0.9179965949646193,0.7477370555657785,0.3916639046973406,402,COMPLETE
88,1084.8883468892266,2026-05-24 16:15:06.794837,2026-05-24 16:15:21.800439,0 days 00:00:15.005602,0.05843226836583149,24.732571268821694,18614,0.01684585143318049,0.96465468074673,0.8931081415731565,0.8364795617936689,0.41779193607597465,338,COMPLETE
89,1084.7191184213918,2026-05-24 16:15:07.853919,2026-05-24 16:15:19.721099,0 days 00:00:11.867180,0.06091494786204338,25.020895507762095,18882,0.018290251661859866,0.9634938960721916,0.8922486116506982,0.8141891754329893,0.40529285501337137,365,COMPLETE
90,1085.5317905724055,2026-05-24 16:15:11.325795,2026-05-24 16:15:28.731012,0 days 00:00:17.405217,0.0609830021960621,24.36959127173566,18923,0.09333834157019699,0.9628736157836391,0.9208607092852028,0.7433480418097245,0.3897909926519799,340,COMPLETE
91,1086.0256536816291,2026-05-24 16:15:15.856374,2026-05-24 16:15:25.270637,0 days 00:00:09.414263,0.05923815871342018,24.459816097660113,16984,0.098262906418033,0.966651922920922,0.920146823104215,0.7394243057979619,0.31604611340683936,338,COMPLETE
92,1090.5317905724055,2026-05-24 16:15:20.060411,2026-05-24 16:15:33.369006,0 days 00:00:13.308595,0.06662301605706644,24.336015766509814,18874,0.09909080408188736,0.9667804135566826,0.9209745647084714,0.7436818168036681,0.3013393259902001,335,COMPLETE
93,1096.4849720647749,2026-05-24 16:15:21.801364,2026-05-24 16:15:39.268479,0 days 00:00:17.467115,0.06579438257154753,22.13492254267657,19932,0.09971335909542142,0.9700520636977079,0.9182624684524572,0.7877817451350053,0.3290513188740717,404,COMPLETE
94,1105.8358382863034,2026-05-24 16:15:25.272162,2026-05-24 16:15:36.164938,0 days 00:00:10.892776,0.048630988707629746,26.197233900241,19654,0.021654525490195337,0.9786238767693735,0.9160260644986801,0.7833166826769304,0.3563201286811705,411,COMPLETE
95,1117.284117485942,2026-05-24 16:15:28.732252,2026-05-24 16:15:43.151038,0 days 00:00:14.418786,0.06652194965999327,12.198724069209689,19657,0.08216490216553568,0.9922188642869462,0.9154980041713291,0.7840639023064768,0.5382865623117468,405,COMPLETE
96,1111.6609467420947,2026-05-24 16:15:34.057659,2026-05-24 16:15:47.684968,0 days 00:00:13.627309,0.0482873001799052,26.262715349017956,19993,0.08434222167533051,0.9818944923691026,0.914697911155218,0.7839752882285731,0.5303885053856191,371,COMPLETE
97,1119.4965888980907,2026-05-24 16:15:36.505048,2026-05-24 16:15:49.901978,0 days 00:00:13.396930,0.06904868494385971,22.277568308445467,19996,0.08492592775739294,0.9932282872373773,0.9123490134705677,0.6884393012394159,0.5256011089670904,301,COMPLETE
98,1117.47215247014,2026-05-24 16:15:39.275509,2026-05-24 16:15:53.559751,0 days 00:00:14.284242,0.047800278235251493,19.31490733268103,18303,0.0845711821818507,0.9928545133632639,0.9004196839040304,0.6977094829782925,0.5094330050200725,301,COMPLETE
99,1110.7696971716903,2026-05-24 16:15:43.152611,2026-05-24 16:15:57.051399,0 days 00:00:13.898788,0.05263113869869555,10.888853256523328,18423,0.08249211013438962,0.9837337404337445,0.9124725237361283,0.7715297292675826,0.5241965906075136,431,COMPLETE
